{"layers": [{"ddd": 0, "ty": 4, "ind": 0, "sr": 1, "ip": 0, "op": 60, "st": 0, "ks": {"a": {"k": [0, 0], "a": 0}, "p": {"k": [0, 0], "a": 0}, "s": {"k": [100, 100], "a": 0}, "r": {"k": 0, "a": 0}, "o": {"k": 100, "a": 0}, "sk": {"k": 0, "a": 0}, "sa": {"k": 0, "a": 0}}, "ao": 0, "bm": 0, "shapes": [{"ty": "gr", "it": [{"ty": "sh", "d": 1, "ks": {"k": {"c": true, "i": [[0, 0], [0, 0], [0, 0], [0, 0]], "o": [[0, 0], [0, 0], [0, 0], [0, 0]], "v": [[5, 3.5], [2, 6.5], [5, 6.5], [5, 3.5]]}, "a": 0}}, {"ty": "sh", "d": 1, "ks": {"k": {"c": false, "i": [[0, 0], [0, 0]], "o": [[0, 0], [0, 0]], "v": [[5, 3.5], [7.5, 6]]}, "a": 0}}, {"ty": "sh", "d": 1, "ks": {"k": {"c": false, "i": [[0, 0], [0, 0]], "o": [[0, 0], [0, 0]], "v": [[5, 7], [5, 11]]}, "a": 0}}, {"ty": "sh", "d": 1, "ks": {"k": {"c": false, "i": [[0, 0], [0, 0]], "o": [[0, 0], [0, 0]], "v": [[5, 11], [9, 8.5]]}, "a": 0}}, {"ty": "sh", "d": 1, "ks": {"k": {"c": false, "i": [[0, 0], [0, 0]], "o": [[0, 0], [0, 0]], "v": [[5, 11], [8.5, 16]]}, "a": 0}}, {"ty": "sh", "d": 1, "ks": {"k": {"c": false, "i": [[0, 0], [0, 0]], "o": [[0, 0], [0, 0]], "v": [[9, 8.5], [8.5, 16]]}, "a": 0}}, {"ty": "sh", "d": 1, "ks": {"k": {"c": false, "i": [[0, 0], [0, 0]], "o": [[0, 0], [0, 0]], "v": [[9, 8.5], [13.5, 11]]}, "a": 0}}, {"ty": "sh", "d": 1, "ks": {"k": {"c": false, "i": [[0, 0], [0, 0]], "o": [[0, 0], [0, 0]], "v": [[9, 8.5], [7.5, 6]]}, "a": 0}}, {"ty": "sh", "d": 1, "ks": {"k": {"c": false, "i": [[0, 0], [0, 0]], "o": [[0, 0], [0, 0]], "v": [[9, 8.5], [11.5, 6.5]]}, "a": 0}}, {"ty": "sh", "d": 1, "ks": {"k": {"c": false, "i": [[0, 0], [0, 0], [0, 0]], "o": [[0, 0], [0, 0], [0, 0]], "v": [[8.5, 16], [17, 17], [13, 12]]}, "a": 0}}, {"ty": "sh", "d": 1, "ks": {"k": {"c": false, "i": [[0, 0], [0, 0]], "o": [[0, 0], [0, 0]], "v": [[8.5, 16], [13, 12]]}, "a": 0}}, {"ty": "sh", "d": 1, "ks": {"k": {"c": false, "i": [[0, 0], [0, 0]], "o": [[0, 0], [0, 0]], "v": [[13.5, 11], [13, 12]]}, "a": 0}}, {"ty": "sh", "d": 1, "ks": {"k": {"c": false, "i": [[0, 0], [0, 0], [0, 0]], "o": [[0, 0], [0, 0], [0, 0]], "v": [[13.5, 11], [16.5, 3], [11.5, 6.5]]}, "a": 0}}, {"ty": "sh", "d": 1, "ks": {"k": {"c": false, "i": [[0, 0], [0, 0], [0, 0]], "o": [[0, 0], [0, 0], [0, 0]], "v": [[7.5, 6], [11.5, 2], [11.5, 6.5]]}, "a": 0}}, {"ty": "st", "lc": 2, "lj": 2, "ml": 0, "o": {"k": 100, "a": 0}, "w": {"k": 1, "a": 0}, "c": {"k": [0.7411764705882353, 0.7215686274509804, 0.8196078431372549, 1], "a": 0}}, {"ty": "tr", "a": {"k": [0, 0], "a": 0}, "p": {"k": [0, 0], "a": 0}, "s": {"k": [100, 100], "a": 0}, "r": {"k": 0, "a": 0}, "o": {"k": 100, "a": 0}, "sk": {"k": 0, "a": 0}, "sa": {"k": 0, "a": 0}}]}]}], "v": "5.5.2", "fr": 60, "ip": 0, "op": 60, "w": 19, "h": 19, "ddd": 0, "assets": []}