{"layers": [{"ddd": 0, "ty": 4, "ind": 0, "sr": 1, "ip": 0, "op": 60, "st": 0, "ks": {"a": {"k": [0, 0], "a": 0}, "p": {"k": [0, 0], "a": 0}, "s": {"k": [100, 100], "a": 0}, "r": {"k": 0, "a": 0}, "o": {"k": 100, "a": 0}, "sk": {"k": 0, "a": 0}, "sa": {"k": 0, "a": 0}}, "ao": 0, "bm": 0, "shapes": [{"ty": "gr", "it": [{"ty": "sh", "d": 1, "ks": {"k": {"c": false, "i": [[0, 0], [0, 0]], "o": [[0, 0], [0, 0]], "v": [[6.5, 10.5], [6.5, 6.5]]}, "a": 0}}, {"ty": "st", "lc": 2, "lj": 2, "ml": 0, "o": {"k": 100, "a": 0}, "w": {"k": 1.25, "a": 0}, "c": {"k": [0.7411764705882353, 0.7215686274509804, 0.8196078431372549, 1], "a": 0}}, {"ty": "tr", "a": {"k": [0, 0], "a": 0}, "p": {"k": [0, 0], "a": 0}, "s": {"k": [100, 100], "a": 0}, "r": {"k": 0, "a": 0}, "o": {"k": 100, "a": 0}, "sk": {"k": 0, "a": 0}, "sa": {"k": 0, "a": 0}}]}, {"ty": "gr", "it": [{"ty": "sh", "d": 1, "ks": {"k": {"c": false, "i": [[0, 0], [0, 0], [-0.27609999999999957, 0], [0, 0]], "o": [[0, 0], [0, 0.27613999999999983], [0, 0], [0, 0]], "v": [[12.5, 3], [12.5, 9], [13, 9.5], [16.5, 9.5]]}, "a": 0}}, {"ty": "st", "lc": 2, "lj": 2, "ml": 0, "o": {"k": 100, "a": 0}, "w": {"k": 1.25, "a": 0}, "c": {"k": [0.7411764705882353, 0.7215686274509804, 0.8196078431372549, 1], "a": 0}}, {"ty": "tr", "a": {"k": [0, 0], "a": 0}, "p": {"k": [0, 0], "a": 0}, "s": {"k": [100, 100], "a": 0}, "r": {"k": 0, "a": 0}, "o": {"k": 100, "a": 0}, "sk": {"k": 0, "a": 0}, "sa": {"k": 0, "a": 0}}]}, {"ty": "gr", "it": [{"ty": "sh", "d": 1, "ks": {"k": {"c": false, "i": [[0, 0], [0, 0], [0, -0.27613999999999983], [0, 0]], "o": [[0, 0], [-0.27613999999999983, 0], [0, 0], [0, 0]], "v": [[16.5, 9.5], [7, 9.5], [6.5, 10], [6.5, 13]]}, "a": 0}}, {"ty": "st", "lc": 2, "lj": 2, "ml": 0, "o": {"k": 100, "a": 0}, "w": {"k": 1.25, "a": 0}, "c": {"k": [0.7411764705882353, 0.7215686274509804, 0.8196078431372549, 1], "a": 0}}, {"ty": "tr", "a": {"k": [0, 0], "a": 0}, "p": {"k": [0, 0], "a": 0}, "s": {"k": [100, 100], "a": 0}, "r": {"k": 0, "a": 0}, "o": {"k": 100, "a": 0}, "sk": {"k": 0, "a": 0}, "sa": {"k": 0, "a": 0}}]}, {"ty": "gr", "it": [{"ty": "sh", "d": 1, "ks": {"k": {"c": false, "i": [[0, 0], [0, 0], [0, 0.27613999999999983], [0, 0]], "o": [[0, 0], [0.27609999999999957, 0], [0, 0], [0, 0]], "v": [[2.5, 6.5], [12, 6.5], [12.5, 6], [12.5, 3]]}, "a": 0}}, {"ty": "st", "lc": 2, "lj": 2, "ml": 0, "o": {"k": 100, "a": 0}, "w": {"k": 1.25, "a": 0}, "c": {"k": [0.7411764705882353, 0.7215686274509804, 0.8196078431372549, 1], "a": 0}}, {"ty": "tr", "a": {"k": [0, 0], "a": 0}, "p": {"k": [0, 0], "a": 0}, "s": {"k": [100, 100], "a": 0}, "r": {"k": 0, "a": 0}, "o": {"k": 100, "a": 0}, "sk": {"k": 0, "a": 0}, "sa": {"k": 0, "a": 0}}]}, {"ty": "gr", "it": [{"ty": "sh", "d": 1, "ks": {"k": {"c": false, "i": [[0, 0], [0, 0]], "o": [[0, 0], [0, 0]], "v": [[5.5, 16], [13.5, 16]]}, "a": 0}}, {"ty": "st", "lc": 2, "lj": 2, "ml": 0, "o": {"k": 100, "a": 0}, "w": {"k": 1.25, "a": 0}, "c": {"k": [0.7411764705882353, 0.7215686274509804, 0.8196078431372549, 1], "a": 0}}, {"ty": "tr", "a": {"k": [0, 0], "a": 0}, "p": {"k": [0, 0], "a": 0}, "s": {"k": [100, 100], "a": 0}, "r": {"k": 0, "a": 0}, "o": {"k": 100, "a": 0}, "sk": {"k": 0, "a": 0}, "sa": {"k": 0, "a": 0}}]}, {"ty": "gr", "it": [{"ty": "sh", "d": 1, "ks": {"k": {"c": true, "i": [[0, 0], [0, 0.6212999999999997], [0, 0], [0.6213000000000015, 0], [0, 0], [0, -0.6213199999999999], [0, 0], [-0.6213199999999999, 0], [0, 0]], "o": [[0.6213000000000015, 0], [0, 0], [0, -0.6213199999999999], [0, 0], [-0.6213199999999999, 0], [0, 0], [0, 0.6212999999999997], [0, 0], [0, 0]], "v": [[15.5, 13.125], [16.625, 12], [16.625, 4], [15.5, 2.875], [3.5, 2.875], [2.375, 4], [2.375, 12], [3.5, 13.125], [15.5, 13.125]]}, "a": 0}}, {"ty": "st", "lc": 2, "lj": 2, "ml": 0, "o": {"k": 100, "a": 0}, "w": {"k": 1.25, "a": 0}, "c": {"k": [0.7411764705882353, 0.7215686274509804, 0.8196078431372549, 1], "a": 0}}, {"ty": "tr", "a": {"k": [0, 0], "a": 0}, "p": {"k": [0, 0], "a": 0}, "s": {"k": [100, 100], "a": 0}, "r": {"k": 0, "a": 0}, "o": {"k": 100, "a": 0}, "sk": {"k": 0, "a": 0}, "sa": {"k": 0, "a": 0}}]}]}], "v": "5.5.2", "fr": 60, "ip": 0, "op": 60, "w": 19, "h": 19, "ddd": 0, "assets": []}