{"layers": [{"ddd": 0, "ty": 4, "ind": 0, "sr": 1, "ip": 0, "op": 60, "st": 0, "ks": {"a": {"k": [0, 0], "a": 0}, "p": {"k": [0, 0], "a": 0}, "s": {"k": [100, 100], "a": 0}, "r": {"k": 0, "a": 0}, "o": {"k": 100, "a": 0}, "sk": {"k": 0, "a": 0}, "sa": {"k": 0, "a": 0}}, "ao": 0, "bm": 0, "shapes": [{"ty": "gr", "it": [{"ty": "sh", "d": 1, "ks": {"k": {"c": false, "i": [[0, 0], [0, 0], [-0.1999999999999993, 0.2427600000000001], [0, 0], [-0.14940000000000175, 0], [0, 0]], "o": [[0, 0], [0.20000000000000018, 0.2427600000000001], [0, 0], [0.09500000000000064, -0.11528999999999989], [0, 0], [0, 0]], "v": [[5.5, 1], [7.6141, 3.56608], [8.3859, 3.56608], [10.35, 1.18207], [10.7359, 1], [13.5, 1]]}, "a": 0}}, {"ty": "sh", "d": 1, "ks": {"k": {"c": false, "i": [[0, 0], [0, 0]], "o": [[0, 0], [0, 0]], "v": [[5.5, 1], [5.5, 7]]}, "a": 0}}, {"ty": "sh", "d": 1, "ks": {"k": {"c": false, "i": [[0, 0], [0.020379999999999843, -1.5611000000000002], [-0.0014599999999997948, -1.6438300000000012], [-0.0975299999999999, -0.09419999999999895], [0, 0]], "o": [[-0.9406400000000001, 0.36782000000000004], [-0.01833000000000018, 1.4033599999999993], [0.00011999999999989797, 0.13558999999999877], [0, 0], [0, 0]], "v": [[5.5, 1], [3.01914, 4.03448], [3.01904, 9.89211], [3.17175, 10.2509], [5.5, 12.5]]}, "a": 0}}, {"ty": "sh", "d": 1, "ks": {"k": {"c": false, "i": [[0, 0], [0, 0]], "o": [[0, 0], [0, 0]], "v": [[13.5, 1], [13.4603, 7]]}, "a": 0}}, {"ty": "sh", "d": 1, "ks": {"k": {"c": false, "i": [[0, 0], [0, -0.6620700000000004], [0, -1.8150700000000004], [0.09839999999999982, -0.09429999999999872], [0, 0]], "o": [[0.8466000000000005, 0.73563], [0, 0.6362999999999994], [0, 0.13625000000000043], [0, 0], [0, 0]], "v": [[13.5, 1], [16, 4.03448], [16, 9.89105], [15.846, 10.2511], [13.5, 12.5]]}, "a": 0}}, {"ty": "sh", "d": 1, "ks": {"k": {"c": false, "i": [[0, 0], [0, 0]], "o": [[0, 0], [0, 0]], "v": [[5.5, 7], [13.4603, 7]]}, "a": 0}}, {"ty": "sh", "d": 1, "ks": {"k": {"c": false, "i": [[0, 0], [0, 0]], "o": [[0, 0], [0, 0]], "v": [[5.5, 7], [5.5, 12.5]]}, "a": 0}}, {"ty": "sh", "d": 1, "ks": {"k": {"c": false, "i": [[0, 0], [0, 0]], "o": [[0, 0], [0, 0]], "v": [[13.4603, 7], [13.5, 12.5]]}, "a": 0}}, {"ty": "sh", "d": 1, "ks": {"k": {"c": false, "i": [[0, 0], [0, 0], [0.2744, 0], [0, 0], [0.0035800000000003607, 0.27360000000000184], [0, 0]], "o": [[0, 0], [-0.002400000000001512, 0.2744], [0, 0], [-0.27358999999999956, 0], [0, 0], [0, 0]], "v": [[13.5, 12.5], [13.4646, 16.5044], [12.9647, 17], [6.05237, 17], [5.55241, 16.5065], [5.5, 12.5]]}, "a": 0}}, {"ty": "sh", "d": 1, "ks": {"k": {"c": false, "i": [[0, 0], [0, 0]], "o": [[0, 0], [0, 0]], "v": [[13.5, 12.5], [5.5, 12.5]]}, "a": 0}}, {"ty": "sh", "d": 1, "ks": {"k": {"c": false, "i": [[0, 0], [0, 0]], "o": [[0, 0], [0, 0]], "v": [[6.96983, 8.72414], [12.0493, 8.72414]]}, "a": 0}}, {"ty": "sh", "d": 1, "ks": {"k": {"c": false, "i": [[0, 0], [0, 0]], "o": [[0, 0], [0, 0]], "v": [[7, 10.5], [12, 10.5]]}, "a": 0}}, {"ty": "st", "lc": 2, "lj": 2, "ml": 0, "o": {"k": 100, "a": 0}, "w": {"k": 1.25, "a": 0}, "c": {"k": [0.7411764705882353, 0.7215686274509804, 0.8196078431372549, 1], "a": 0}}, {"ty": "tr", "a": {"k": [0, 0], "a": 0}, "p": {"k": [0, 0], "a": 0}, "s": {"k": [100, 100], "a": 0}, "r": {"k": 0, "a": 0}, "o": {"k": 100, "a": 0}, "sk": {"k": 0, "a": 0}, "sa": {"k": 0, "a": 0}}]}]}], "v": "5.5.2", "fr": 60, "ip": 0, "op": 60, "w": 19, "h": 19, "ddd": 0, "assets": []}