{"layers": [{"ddd": 0, "ty": 4, "ind": 0, "sr": 1, "ip": 0, "op": 60, "st": 0, "ks": {"a": {"k": [0, 0], "a": 0}, "p": {"k": [0, 0], "a": 0}, "s": {"k": [100, 100], "a": 0}, "r": {"k": 0, "a": 0}, "o": {"k": 100, "a": 0}, "sk": {"k": 0, "a": 0}, "sa": {"k": 0, "a": 0}}, "ao": 0, "bm": 0, "shapes": [{"ty": "gr", "it": [{"ty": "gr", "it": [{"ty": "sh", "d": 1, "ks": {"k": {"c": false, "i": [[0, 0], [0, 0]], "o": [[0, 0], [0, 0]], "v": [[0.5, 6.5], [4.5, 14.5]]}, "a": 0}}, {"ty": "sh", "d": 1, "ks": {"k": {"c": false, "i": [[0, 0], [0, 0]], "o": [[0, 0], [0, 0]], "v": [[2, 14], [4.5, 12.5]]}, "a": 0}}, {"ty": "st", "lc": 2, "lj": 2, "ml": 0, "o": {"k": 100, "a": 0}, "w": {"k": 1.25, "a": 0}, "c": {"k": [0.7411764705882353, 0.7215686274509804, 0.8196078431372549, 1], "a": 0}}, {"ty": "tr", "a": {"k": [0, 0], "a": 0}, "p": {"k": [0, 0], "a": 0}, "s": {"k": [100, 100], "a": 0}, "r": {"k": 0, "a": 0}, "o": {"k": 100, "a": 0}, "sk": {"k": 0, "a": 0}, "sa": {"k": 0, "a": 0}}]}, {"ty": "gr", "it": [{"ty": "sh", "d": 1, "ks": {"k": {"c": false, "i": [[0, 0], [0, 0]], "o": [[0, 0], [0, 0]], "v": [[14.5, 7.5], [16.5, 5.5]]}, "a": 0}}, {"ty": "sh", "d": 1, "ks": {"k": {"c": false, "i": [[0, 0], [0, 0]], "o": [[0, 0], [0, 0]], "v": [[15.5, 8.5], [17.5, 8.5]]}, "a": 0}}, {"ty": "st", "lc": 2, "lj": 2, "ml": 0, "o": {"k": 100, "a": 0}, "w": {"k": 1.25, "a": 0}, "c": {"k": [0.7411764705882353, 0.7215686274509804, 0.8196078431372549, 1], "a": 0}}, {"ty": "tr", "a": {"k": [0, 0], "a": 0}, "p": {"k": [0, 0], "a": 0}, "s": {"k": [100, 100], "a": 0}, "r": {"k": 0, "a": 0}, "o": {"k": 100, "a": 0}, "sk": {"k": 0, "a": 0}, "sa": {"k": 0, "a": 0}}]}, {"ty": "gr", "it": [{"ty": "sh", "d": 1, "ks": {"k": {"c": false, "i": [[0, 0], [0, 0], [1.6569000000000003, 0], [0, 0]], "o": [[0, 0], [0, -1.6569000000000003], [0, 0], [0, 0]], "v": [[16.5, 18.5], [16.5, 17.5], [13.5, 14.5], [13, 14.5]]}, "a": 0}}, {"ty": "st", "lc": 2, "lj": 2, "ml": 0, "o": {"k": 100, "a": 0}, "w": {"k": 1.25, "a": 0}, "c": {"k": [0.7411764705882353, 0.7215686274509804, 0.8196078431372549, 1], "a": 0}}, {"ty": "tr", "a": {"k": [0, 0], "a": 0}, "p": {"k": [0, 0], "a": 0}, "s": {"k": [100, 100], "a": 0}, "r": {"k": 0, "a": 0}, "o": {"k": 100, "a": 0}, "sk": {"k": 0, "a": 0}, "sa": {"k": 0, "a": 0}}]}, {"ty": "gr", "it": [{"ty": "sh", "d": 1, "ks": {"k": {"c": false, "i": [[0, 0], [0, 0], [-1.65685, 0], [0, 0]], "o": [[0, 0], [0, -1.6569000000000003], [0, 0], [0, 0]], "v": [[2.5, 18.5], [2.5, 17.5], [5.5, 14.5], [6, 14.5]]}, "a": 0}}, {"ty": "st", "lc": 2, "lj": 2, "ml": 0, "o": {"k": 100, "a": 0}, "w": {"k": 1.25, "a": 0}, "c": {"k": [0.7411764705882353, 0.7215686274509804, 0.8196078431372549, 1], "a": 0}}, {"ty": "tr", "a": {"k": [0, 0], "a": 0}, "p": {"k": [0, 0], "a": 0}, "s": {"k": [100, 100], "a": 0}, "r": {"k": 0, "a": 0}, "o": {"k": 100, "a": 0}, "sk": {"k": 0, "a": 0}, "sa": {"k": 0, "a": 0}}]}, {"ty": "gr", "it": [{"ty": "el", "d": 1, "p": {"k": [12, 9], "a": 0}, "s": {"k": [2, 2], "a": 0}}, {"ty": "fl", "o": {"k": 100, "a": 0}, "c": {"k": [0.7411764705882353, 0.7215686274509804, 0.8196078431372549, 1], "a": 0}}, {"ty": "tr", "a": {"k": [0, 0], "a": 0}, "p": {"k": [0, 0], "a": 0}, "s": {"k": [100, 100], "a": 0}, "r": {"k": 0, "a": 0}, "o": {"k": 100, "a": 0}, "sk": {"k": 0, "a": 0}, "sa": {"k": 0, "a": 0}}]}, {"ty": "gr", "it": [{"ty": "el", "d": 1, "p": {"k": [7, 9], "a": 0}, "s": {"k": [2, 2], "a": 0}}, {"ty": "fl", "o": {"k": 100, "a": 0}, "c": {"k": [0.7411764705882353, 0.7215686274509804, 0.8196078431372549, 1], "a": 0}}, {"ty": "tr", "a": {"k": [0, 0], "a": 0}, "p": {"k": [0, 0], "a": 0}, "s": {"k": [100, 100], "a": 0}, "r": {"k": 0, "a": 0}, "o": {"k": 100, "a": 0}, "sk": {"k": 0, "a": 0}, "sa": {"k": 0, "a": 0}}]}, {"ty": "gr", "it": [{"ty": "sh", "d": 1, "ks": {"k": {"c": true, "i": [[0, 0], [0, 0], [-0.5522799999999997, 0], [0, 0], [0, -0.5522799999999997], [0, 0], [0.43290000000000006, -0.12020000000000053], [0, 0], [0.1751100000000001, 0.048599999999998644], [0, 0], [0, 0.44918999999999976]], "o": [[0, 0], [0, -0.5522799999999997], [0, 0], [0.5523000000000007, 0], [0, 0], [0, 0.44918999999999976], [0, 0], [-0.1751100000000001, 0.048599999999998644], [0, 0], [-0.43281999999999954, -0.12020000000000053], [0, 0]], "v": [[5, 9.98991], [5, 8], [6, 7], [13, 7], [14, 8], [14, 9.98991], [13.2676, 10.9534], [9.76764, 11.9257], [9.23236, 11.9257], [5.73236, 10.9534], [5, 9.98991]]}, "a": 0}}, {"ty": "st", "lc": 2, "lj": 2, "ml": 0, "o": {"k": 100, "a": 0}, "w": {"k": 1.25, "a": 0}, "c": {"k": [0.7411764705882353, 0.7215686274509804, 0.8196078431372549, 1], "a": 0}}, {"ty": "tr", "a": {"k": [0, 0], "a": 0}, "p": {"k": [0, 0], "a": 0}, "s": {"k": [100, 100], "a": 0}, "r": {"k": 0, "a": 0}, "o": {"k": 100, "a": 0}, "sk": {"k": 0, "a": 0}, "sa": {"k": 0, "a": 0}}]}, {"ty": "gr", "it": [{"ty": "sh", "d": 1, "ks": {"k": {"c": true, "i": [[0, 0], [0, 0], [-1.6063099999999997, 0.87616], [0, 0], [-1.4924, -0.8140299999999998], [0, 0], [0, -1.82972], [0, 0], [0.8638000000000012, -0.9257999999999988], [0, 0], [1.9767800000000006, 2.1187000000000022], [0, 0], [0, 1.2661999999999995]], "o": [[0, 0], [0, -1.8297299999999996], [0, 0], [1.4923899999999994, -0.8140299999999998], [0, 0], [1.606300000000001, 0.87616], [0, 0], [0, 1.2661999999999995], [0, 0], [-1.976799999999999, 2.1187000000000022], [0, 0], [-0.8637899999999998, -0.9257999999999988], [0, 0]], "v": [[4, 10.1349], [4, 6.96817], [6.60574, 2.57869], [7.10574, 2.30596], [11.8943, 2.30596], [12.3943, 2.57869], [15, 6.96817], [15, 10.1349], [13.6558, 13.5459], [13.1558, 14.0818], [5.84418, 14.0818], [5.34418, 13.5459], [4, 10.1349]]}, "a": 0}}, {"ty": "st", "lc": 2, "lj": 2, "ml": 0, "o": {"k": 100, "a": 0}, "w": {"k": 1.25, "a": 0}, "c": {"k": [0.7411764705882353, 0.7215686274509804, 0.8196078431372549, 1], "a": 0}}, {"ty": "tr", "a": {"k": [0, 0], "a": 0}, "p": {"k": [0, 0], "a": 0}, "s": {"k": [100, 100], "a": 0}, "r": {"k": 0, "a": 0}, "o": {"k": 100, "a": 0}, "sk": {"k": 0, "a": 0}, "sa": {"k": 0, "a": 0}}]}, {"ty": "tr", "a": {"k": [0, 0], "a": 0}, "p": {"k": [0, 0], "a": 0}, "s": {"k": [100, 100], "a": 0}, "r": {"k": 0, "a": 0}, "o": {"k": 100, "a": 0}, "sk": {"k": 0, "a": 0}, "sa": {"k": 0, "a": 0}}]}]}], "v": "5.5.2", "fr": 60, "ip": 0, "op": 60, "w": 19, "h": 19, "ddd": 0, "assets": []}