{"layers": [{"ddd": 0, "ty": 4, "ind": 0, "sr": 1, "ip": 0, "op": 60, "st": 0, "ks": {"a": {"k": [0, 0], "a": 0}, "p": {"k": [0, 0], "a": 0}, "s": {"k": [100, 100], "a": 0}, "r": {"k": 0, "a": 0}, "o": {"k": 100, "a": 0}, "sk": {"k": 0, "a": 0}, "sa": {"k": 0, "a": 0}}, "ao": 0, "bm": 0, "shapes": [{"ty": "gr", "it": [{"ty": "gr", "it": [{"ty": "sh", "d": 1, "ks": {"k": {"c": false, "i": [[0, 0], [0, 0], [-1.6568500000000004, 0], [0, 0.914200000000001], [0, 0]], "o": [[0, 0], [0, 0.914200000000001], [1.6568500000000004, 0], [0, 0], [0, 0]], "v": [[3, 9.5], [3, 13.3448], [6, 15], [9, 13.3448], [9, 9.5]]}, "a": 0}}, {"ty": "st", "lc": 3, "lj": 2, "ml": 0, "o": {"k": 100, "a": 0}, "w": {"k": 1.25, "a": 0}, "c": {"k": [0.7411764705882353, 0.7215686274509804, 0.8196078431372549, 1], "a": 0}}, {"ty": "tr", "a": {"k": [0, 0], "a": 0}, "p": {"k": [0, 0], "a": 0}, "s": {"k": [100, 100], "a": 0}, "r": {"k": 0, "a": 0}, "o": {"k": 100, "a": 0}, "sk": {"k": 0, "a": 0}, "sa": {"k": 0, "a": 0}}]}, {"ty": "gr", "it": [{"ty": "sh", "d": 1, "ks": {"k": {"c": true, "i": [[0, 0], [0.82843, 0], [0, 0.27613999999999983], [-0.82843, 0], [0, -0.27613999999999983]], "o": [[0, 0.27613999999999983], [-0.82843, 0], [0, -0.27613999999999983], [0.82843, 0], [0, 0]], "v": [[7.5, 9], [6, 9.5], [4.5, 9], [6, 8.5], [7.5, 9]]}, "a": 0}}, {"ty": "fl", "o": {"k": 100, "a": 0}, "c": {"k": [0.7411764705882353, 0.7215686274509804, 0.8196078431372549, 1], "a": 0}}, {"ty": "tr", "a": {"k": [0, 0], "a": 0}, "p": {"k": [0, 0], "a": 0}, "s": {"k": [100, 100], "a": 0}, "r": {"k": 0, "a": 0}, "o": {"k": 100, "a": 0}, "sk": {"k": 0, "a": 0}, "sa": {"k": 0, "a": 0}}]}, {"ty": "gr", "it": [{"ty": "el", "d": 1, "p": {"k": [6, 9], "a": 0}, "s": {"k": [6, 4], "a": 0}}, {"ty": "st", "lc": 3, "lj": 2, "ml": 0, "o": {"k": 100, "a": 0}, "w": {"k": 1.25, "a": 0}, "c": {"k": [0.7411764705882353, 0.7215686274509804, 0.8196078431372549, 1], "a": 0}}, {"ty": "tr", "a": {"k": [0, 0], "a": 0}, "p": {"k": [0, 0], "a": 0}, "s": {"k": [100, 100], "a": 0}, "r": {"k": 0, "a": 0}, "o": {"k": 100, "a": 0}, "sk": {"k": 0, "a": 0}, "sa": {"k": 0, "a": 0}}]}, {"ty": "gr", "it": [{"ty": "sh", "d": 1, "ks": {"k": {"c": false, "i": [[0, 0], [0, 0]], "o": [[0, 0], [0, 0]], "v": [[0.53271, 13], [19, 10.7391]]}, "a": 0}}, {"ty": "sh", "d": 1, "ks": {"k": {"c": false, "i": [[0, 0], [0, 0]], "o": [[0, 0], [0, 0]], "v": [[0, 10.7391], [2.84112, 9.80213]]}, "a": 0}}, {"ty": "sh", "d": 1, "ks": {"k": {"c": false, "i": [[0, 0], [0, 0]], "o": [[0, 0], [0, 0]], "v": [[17.4019, 5], [8.5, 8]]}, "a": 0}}, {"ty": "st", "lc": 2, "lj": 2, "ml": 0, "o": {"k": 100, "a": 0}, "w": {"k": 1, "a": 0}, "c": {"k": [0.7411764705882353, 0.7215686274509804, 0.8196078431372549, 1], "a": 0}}, {"ty": "tr", "a": {"k": [0, 0], "a": 0}, "p": {"k": [0, 0], "a": 0}, "s": {"k": [100, 100], "a": 0}, "r": {"k": 0, "a": 0}, "o": {"k": 100, "a": 0}, "sk": {"k": 0, "a": 0}, "sa": {"k": 0, "a": 0}}]}, {"ty": "tr", "a": {"k": [0, 0], "a": 0}, "p": {"k": [0, 0], "a": 0}, "s": {"k": [100, 100], "a": 0}, "r": {"k": 0, "a": 0}, "o": {"k": 100, "a": 0}, "sk": {"k": 0, "a": 0}, "sa": {"k": 0, "a": 0}}]}]}], "v": "5.5.2", "fr": 60, "ip": 0, "op": 60, "w": 19, "h": 19, "ddd": 0, "assets": []}