{"layers": [{"ddd": 0, "ty": 4, "ind": 0, "sr": 1, "ip": 0, "op": 60, "st": 0, "ks": {"a": {"k": [0, 0], "a": 0}, "p": {"k": [0, 0], "a": 0}, "s": {"k": [100, 100], "a": 0}, "r": {"k": 0, "a": 0}, "o": {"k": 100, "a": 0}, "sk": {"k": 0, "a": 0}, "sa": {"k": 0, "a": 0}}, "ao": 0, "bm": 0, "shapes": [{"ty": "gr", "it": [{"ty": "gr", "it": [{"ty": "sh", "d": 1, "ks": {"k": {"c": false, "i": [[0, 0], [0, 0]], "o": [[0, 0], [0, 0]], "v": [[7.5, 6.5], [11.5, 6.5]]}, "a": 0}}, {"ty": "sh", "d": 1, "ks": {"k": {"c": false, "i": [[0, 0], [0, 0]], "o": [[0, 0], [0, 0]], "v": [[7.5, 8.5], [10.5, 8.5]]}, "a": 0}}, {"ty": "sh", "d": 1, "ks": {"k": {"c": false, "i": [[0, 0], [0, 0]], "o": [[0, 0], [0, 0]], "v": [[7.5, 10.5], [9.5, 10.5]]}, "a": 0}}, {"ty": "st", "lc": 3, "lj": 2, "ml": 0, "o": {"k": 100, "a": 0}, "w": {"k": 1.25, "a": 0}, "c": {"k": [0.7411764705882353, 0.7215686274509804, 0.8196078431372549, 1], "a": 0}}, {"ty": "tr", "a": {"k": [0, 0], "a": 0}, "p": {"k": [0, 0], "a": 0}, "s": {"k": [100, 100], "a": 0}, "r": {"k": 0, "a": 0}, "o": {"k": 100, "a": 0}, "sk": {"k": 0, "a": 0}, "sa": {"k": 0, "a": 0}}]}, {"ty": "gr", "it": [{"ty": "sh", "d": 1, "ks": {"k": {"c": false, "i": [[0, 0], [0, 0]], "o": [[0, 0], [0, 0]], "v": [[6, 4.5], [13, 4.5]]}, "a": 0}}, {"ty": "sh", "d": 1, "ks": {"k": {"c": false, "i": [[0, 0], [0, 0]], "o": [[0, 0], [0, 0]], "v": [[6, 14.5], [13, 14.5]]}, "a": 0}}, {"ty": "st", "lc": 3, "lj": 2, "ml": 0, "o": {"k": 100, "a": 0}, "w": {"k": 1.25, "a": 0}, "c": {"k": [0.7411764705882353, 0.7215686274509804, 0.8196078431372549, 1], "a": 0}}, {"ty": "tr", "a": {"k": [0, 0], "a": 0}, "p": {"k": [0, 0], "a": 0}, "s": {"k": [100, 100], "a": 0}, "r": {"k": 0, "a": 0}, "o": {"k": 100, "a": 0}, "sk": {"k": 0, "a": 0}, "sa": {"k": 0, "a": 0}}]}, {"ty": "gr", "it": [{"ty": "rc", "d": 1, "p": {"k": [15.5, 9.5], "a": 0}, "s": {"k": [4.25, 12.25], "a": 0}, "r": {"k": 0.5625, "a": 0}}, {"ty": "st", "lc": 2, "lj": 2, "ml": 0, "o": {"k": 100, "a": 0}, "w": {"k": 1.25, "a": 0}, "c": {"k": [0.7411764705882353, 0.7215686274509804, 0.8196078431372549, 1], "a": 0}}, {"ty": "tr", "a": {"k": [0, 0], "a": 0}, "p": {"k": [0, 0], "a": 0}, "s": {"k": [100, 100], "a": 0}, "r": {"k": 0, "a": 0}, "o": {"k": 100, "a": 0}, "sk": {"k": 0, "a": 0}, "sa": {"k": 0, "a": 0}}]}, {"ty": "gr", "it": [{"ty": "sh", "d": 1, "ks": {"k": {"c": false, "i": [[0, 0], [0, 0], [-0.27609999999999957, 0], [0, 0], [0, 0.27609999999999957], [0, 0]], "o": [[0, 0], [0, 0.27609999999999957], [0, 0], [0.27609999999999957, 0], [0, 0], [0, 0]], "v": [[14.5, 16], [14.5, 17], [15, 17.5], [16, 17.5], [16.5, 17], [16.5, 16]]}, "a": 0}}, {"ty": "st", "lc": 2, "lj": 2, "ml": 0, "o": {"k": 100, "a": 0}, "w": {"k": 1.25, "a": 0}, "c": {"k": [0.7411764705882353, 0.7215686274509804, 0.8196078431372549, 1], "a": 0}}, {"ty": "tr", "a": {"k": [0, 0], "a": 0}, "p": {"k": [0, 0], "a": 0}, "s": {"k": [100, 100], "a": 0}, "r": {"k": 0, "a": 0}, "o": {"k": 100, "a": 0}, "sk": {"k": 0, "a": 0}, "sa": {"k": 0, "a": 0}}]}, {"ty": "gr", "it": [{"ty": "sh", "d": 1, "ks": {"k": {"c": false, "i": [[0, 0], [0, 0], [-0.27609999999999957, 0], [0, 0], [0, -0.27614000000000005], [0, 0]], "o": [[0, 0], [0, -0.27614000000000005], [0, 0], [0.27609999999999957, 0], [0, 0], [0, 0]], "v": [[14.5, 3], [14.5, 2], [15, 1.5], [16, 1.5], [16.5, 2], [16.5, 3]]}, "a": 0}}, {"ty": "st", "lc": 2, "lj": 2, "ml": 0, "o": {"k": 100, "a": 0}, "w": {"k": 1.25, "a": 0}, "c": {"k": [0.7411764705882353, 0.7215686274509804, 0.8196078431372549, 1], "a": 0}}, {"ty": "tr", "a": {"k": [0, 0], "a": 0}, "p": {"k": [0, 0], "a": 0}, "s": {"k": [100, 100], "a": 0}, "r": {"k": 0, "a": 0}, "o": {"k": 100, "a": 0}, "sk": {"k": 0, "a": 0}, "sa": {"k": 0, "a": 0}}]}, {"ty": "gr", "it": [{"ty": "sh", "d": 1, "ks": {"k": {"c": false, "i": [[0, 0], [0, 0], [-0.27613999999999983, 0], [0, 0], [0, 0.27609999999999957], [0, 0]], "o": [[0, 0], [0, 0.27609999999999957], [0, 0], [0.27613999999999983, 0], [0, 0], [0, 0]], "v": [[2.5, 16], [2.5, 17], [3, 17.5], [4, 17.5], [4.5, 17], [4.5, 16]]}, "a": 0}}, {"ty": "st", "lc": 2, "lj": 2, "ml": 0, "o": {"k": 100, "a": 0}, "w": {"k": 1.25, "a": 0}, "c": {"k": [0.7411764705882353, 0.7215686274509804, 0.8196078431372549, 1], "a": 0}}, {"ty": "tr", "a": {"k": [0, 0], "a": 0}, "p": {"k": [0, 0], "a": 0}, "s": {"k": [100, 100], "a": 0}, "r": {"k": 0, "a": 0}, "o": {"k": 100, "a": 0}, "sk": {"k": 0, "a": 0}, "sa": {"k": 0, "a": 0}}]}, {"ty": "gr", "it": [{"ty": "sh", "d": 1, "ks": {"k": {"c": false, "i": [[0, 0], [0, 0], [-0.27613999999999983, 0], [0, 0], [0, -0.27614000000000005], [0, 0]], "o": [[0, 0], [0, -0.27614000000000005], [0, 0], [0.27613999999999983, 0], [0, 0], [0, 0]], "v": [[2.5, 3], [2.5, 2], [3, 1.5], [4, 1.5], [4.5, 2], [4.5, 3]]}, "a": 0}}, {"ty": "st", "lc": 2, "lj": 2, "ml": 0, "o": {"k": 100, "a": 0}, "w": {"k": 1.25, "a": 0}, "c": {"k": [0.7411764705882353, 0.7215686274509804, 0.8196078431372549, 1], "a": 0}}, {"ty": "tr", "a": {"k": [0, 0], "a": 0}, "p": {"k": [0, 0], "a": 0}, "s": {"k": [100, 100], "a": 0}, "r": {"k": 0, "a": 0}, "o": {"k": 100, "a": 0}, "sk": {"k": 0, "a": 0}, "sa": {"k": 0, "a": 0}}]}, {"ty": "gr", "it": [{"ty": "rc", "d": 1, "p": {"k": [3.5, 9.5], "a": 0}, "s": {"k": [4.25, 12.25], "a": 0}, "r": {"k": 0.5625, "a": 0}}, {"ty": "st", "lc": 2, "lj": 2, "ml": 0, "o": {"k": 100, "a": 0}, "w": {"k": 1.25, "a": 0}, "c": {"k": [0.7411764705882353, 0.7215686274509804, 0.8196078431372549, 1], "a": 0}}, {"ty": "tr", "a": {"k": [0, 0], "a": 0}, "p": {"k": [0, 0], "a": 0}, "s": {"k": [100, 100], "a": 0}, "r": {"k": 0, "a": 0}, "o": {"k": 100, "a": 0}, "sk": {"k": 0, "a": 0}, "sa": {"k": 0, "a": 0}}]}, {"ty": "tr", "a": {"k": [0, 0], "a": 0}, "p": {"k": [0, 0], "a": 0}, "s": {"k": [100, 100], "a": 0}, "r": {"k": 0, "a": 0}, "o": {"k": 100, "a": 0}, "sk": {"k": 0, "a": 0}, "sa": {"k": 0, "a": 0}}]}]}], "v": "5.5.2", "fr": 60, "ip": 0, "op": 60, "w": 19, "h": 19, "ddd": 0, "assets": []}